<?xml version="1.0" encoding="UTF-8"?>
<project-private xmlns="http://www.netbeans.org/ns/project-private/1">
    <editor-bookmarks xmlns="http://www.netbeans.org/ns/editor-bookmarks/2" lastBookmarkId="0"/>
    <open-files xmlns="http://www.netbeans.org/ns/projectui-open-files/2">
        <group>
            <file>file:/C:/Users/nikol/Desktop/Ketering%20Projekat/Aplikacija/web/korisnici.jsp</file>
            <file>file:/C:/Users/nikol/Desktop/Ketering%20Projekat/Aplikacija/src/java/Repository/KorisnikRepository.java</file>
            <file>file:/C:/Users/nikol/Desktop/Ketering%20Projekat/Aplikacija/web/izgled/header.jsp</file>
            <file>file:/C:/Users/nikol/Desktop/Ketering%20Projekat/Aplikacija/src/java/servleti/ServletKorisnik.java</file>
            <file>file:/C:/Users/nikol/Desktop/Ketering%20Projekat/Aplikacija/web/poruka.jsp</file>
            <file>file:/C:/Users/nikol/Desktop/Ketering%20Projekat/Aplikacija/web/prikazNarudzbenice.jsp</file>
            <file>file:/C:/Users/nikol/Desktop/Ketering%20Projekat/Aplikacija/web/logIn.jsp</file>
            <file>file:/C:/Users/nikol/Desktop/Ketering%20Projekat/Aplikacija/web/izmenaKorisnika.jsp</file>
        </group>
    </open-files>
</project-private>
